video_name,question_1,question_2,answer
v_LvaU_4xbxb0,None,Can you describe the attire of the two girls boxing in the gym?,One of the girls is wearing a black vest and the other is wearing a grey t-shirt while boxing in the well-lit gym.
v_l_0HvMt2tGg,What sport is being played in the video?,None,"The video features the boy playing lacrosse, wearing a red and white jersey, and using a lacrosse stick."
v_ZVjLscGMOs8,None,Can you describe the clothing worn by the women while working out in the video?,The women are wearing white vests and track pants while working out on aerobics steps in a dimly lit studio with black floor.
v_Ws12Dt0Ny5Q,None,Can you describe what the female athlete is wearing in the stadium?,"The female athlete in the stadium is wearing a red crop top, red bikini bottoms, and red sports shoes."
v_9eniCub7u60,None,Is there a visible door and photo frames on the back wall?,"Yes, there is a door visible on the back right side of the room and a few photo frames hanging on the wall."
v_15yU0R2MBQM,What color is the toothbrush in the video?,None,The toothbrush featured in the video is blue.
v_-IMXSEIabMM,What are the people in the beginning of the video doing?,None,The people in the beginning of the video are wearing winter clothes and shoveling snow around a car parked in front of a garage in the daytime.
v_325CAs4hhq8,None,Can you describe the game played by the players in orange uniforms on the field?,The players in orange uniforms are playing field hockey.
v_Nvf-BZNEGdI,What are the people around the boy doing?,None,"The people around the boy are standing and wearing roller skates, and the skating rink has a well-lit polished wood floor."
v_dO01vfB9z4g,None,Can you describe the scene in the video where the boy is present?,"The boy is scrubbing dishes in the kitchen sink while standing on a box, and a woman records him with her phone."
v_AL1W3HkjJ2Y,What is the color of the woman's outfit in the video?,None,The woman is wearing black trousers and a black top while holding a bow with a quiver full of arrows.
v_IRua6QGP-Ow,None,Can you describe the process the bartender follows to make a drink?,"The bartender is making a drink by pouring and mixing different spirits, shaking them with ice, and finally pouring the mixture into a glass with ice. He also runs a lime on the rim of the glass."
v_d6PdD2O3Yrs,None,"Can you describe the activity in which the boy is engaged, in the gymnasium?",The boy in black tights is practicing gymnastics by balancing and swinging on horizontal bars in the well-lit gymnasium.
v_-HpCLXdtcas,None,Can you describe the appearance of the weights on the barbell?,The barbell in front of the man has multi-colored weights on it.
v_JDwd6Ec454A,None,Describe the setting of the video and what action takes place with the rabbit?,The rabbit has a reddish coat with dark brown highlights and is grooming himself in a wooden box with a mesh floor. A person reaches in and pets the rabbit.
v_vska7f8Zm9s,What time of day is it during the video?,None,The video takes place during the day and the man in the video is adding fresh firewood to the flame.
v_jQzBXawu29s,None,Can you describe the man and his surroundings when he plays the black wooden Irish flute?,The man is wearing a brown sweater and glasses while playing the black wooden Irish flute in a living room with a television stand behind him and various framed items hung on the wall. Sunlight is coming in from the left side at the back.
v_18yZR3NDaXM,What sport is being played in the video?,None,The video shows people playing kickball on a field.
v_LzPppxSWYNY,What event is the woman participating in the video?,None,The woman is participating in a long jump competition in the track field during the daytime.
v_ZVjLscGMOs8,What are the women wearing in the video while working out?,None,The women are wearing white vests and track pants while working out on aerobics steps in a dimly lit studio with black floor.
v_kdOsmDACtqw,What is the action of the man in the black outfit after the man wearing white t-shirt finishes speaking?,None,The man in the black outfit steps into a white sheet on the ground and starts to breakdance followed by the man in the white t-shirt who dances and interacts with the crowd.
v_N75m1Z4RqbA,None,What do the man and woman wear when they dance?,"The man is wearing a black shirt and pants, while the woman is dressed in a black outfit."
v_6wPVO7I8iIY,None,Can you describe the process of making a cocktail as shown in the video?,"The bartender is making a cocktail by picking up various bottles of alcohol, adding flavoring agent, ice cubes, and stirring the mixture in a mixing glass. He then empties the cocktail glass of ice and pours the drink into it. The video shows a cutaway of the ingredients for the drink. At the end of the video, the bartender is seen wiping the bar."
v_0UTrTg3DF5g,None,Can you name the ingredients Pinky uses to make her cocktail?,"Pinky is making a cocktail called 'GIN E HENDRIX' and she uses a variety of ingredients including cucumber, lime, lemon, basil, and different bottles of alcohol visible behind her on glass shelves."
v_A20uQSBtYMs,What is the name written on the banner behind the men playing saxophones?,None,The banner behind the men playing saxophones reads 'TWIN JAZZ'.
v_uvglcAUnQv0,None,Can you describe the appearance of the woman in the middle of the dance floor and her footwear?,The woman is wearing a pink top and a black skirt with high heels.
v_XPiMnbCr-sc,What does the woman do with the peach-colored cloth?,None,The woman uses the peach-colored cloth to gift-wrap a box by folding it and tying a knot. 
v_zXHyFBrj5Ag,None,Can you describe the clothes worn by the man ironing in the video?,"The man in the video is wearing a striped blue and black t-shirt and shorts, and is ironing a blue and white Hawaiian shirt on an ironing board in a room with visible clothing behind him."
v_34ZxyyFjbHQ,None,What colors are the T-shirts of the boys playing squash and who wins the starting-over games?,One boy is wearing a blue T-shirt and the other a red T-shirt. The game gets started over when one of them misses their shot. The video ends with the two boys playing and a boy wearing a white t-shirt standing outside the court watching. It doesn’t mention which boy wins the starting-over games.
v_yttmx8mcjGw,What is happening in the video?,None,"The video shows various cricket games being played, including professional matches played in stadiums as well as games played by people at homes and beaches. The video also shows a man rolling up a carpet and a woman in a yellow t-shirt getting ready to bat with others around her fielding or watching. The video ends with a child standing near the cricket stumps and getting ready to bat."
v_Ku76zinwWkg,None,Can you describe the outfits worn by the girl and the boy on the track?,The girl and the boy are both wearing black outfits while running on the track.
v_ooFuSspUuVY,What color is the helmet worn by the girl in the video?,None,The girl is wearing a white helmet while riding the horse in the video.
v_AQnp2QAnwI0,None,Can you describe the scene in the video?,A group of dancers perform on stage in front of a projection while silhouettes of people wearing headphones are visible in front of the stage.
v_IgDBDaIoNAM,What are the characters wearing in the video?,None,The man and woman are dressed like characters from the Street Fighter game.
v_5tFfEA1JWjA,What is happening in the video?,None,A boy is dunking the basketball while his coach watches and instructs him in an indoor basketball court with frames on the far wall.
v_JiNcVb97CnA,None,Can you describe what the man and woman are wearing in the video?,The man is wearing a white t-shirt and the woman is wearing a black coat over a pink top.
v_uIcMgjypbqk,What happens on the stage at the end of the video?,None,The video ends with the audience applauding and the man walking off the stage.
v_UNJTM62HyqQ,What is the chef wearing in the video?,None,"The chef is wearing a white chef's coat, and the man standing behind him is wearing a red T-shirt."
v_e3DB_y78IHc,What are the animals shown grazing in the video at the end?,None,"The animals shown grazing towards the end of the video are ostriches, alpacas, and camels."
v_Hy54nZSDxTk,None,Can you describe the attire of the people in the paintball park?,The people are wearing hoodies over their paintball helmets.
v_5cijPqKVc84,None,Can you describe the different types of kayaks featured in the video?,"The video shows various types of kayaks being rowed in different water bodies including rapids, rivers, and the sea. Some have open cockpits while others are closed."
v_MxvKscpouzY,What color shirts are the players wearing in the table tennis match at the beginning of the video?,None,"The player on the near side is wearing a red t-shirt, while the player on the far end is wearing a blue t-shirt and shorts."
v_j_1kNiGcepU,"What is the man wearing who is playing the harmonica, and what is the man next to him doing?",None,"The harmonica player is wearing a checkered shirt and has a backpack on. The man next to him in a hoodie is standing with his hands in his pockets, bobbing his head up and down before taking out his phone to record the harmonica player."
v_nDHupsLdar0,None,Can you describe the background of the man playing the harmonica?,The wall behind the man is cream-colored and there is a lamp visible at his back.
v_UNJTM62HyqQ,None,Can you describe the attire of the man standing behind the chef?,"The chef is wearing a white chef's coat, and the man standing behind him is wearing a red T-shirt."
v_7gaC3b5nJqs,What are the women wearing in the video?,None,The women are wearing gym clothes.
v_ROrLMf0zXko,What is happening on the street in the video?,None,"On the street during the daytime, there are people standing around a black and white mat as a man in a white outfit is breakdancing. Stores are also lining the sidewalk."
v_9Ufy_JGbnys,What type of dance are the couple engaged in?,None,The couple is doing a tango dance.
v_TB5AeIdAndA,What is the man wearing while playing the guitar?,None,The man is wearing a blue jacket and jeans while playing the guitar on the sidewalk.
v_di5f5hM05Vw,None,Can you describe the indoor studio where the man is practicing Tai Chi?,"The man is practicing Tai Chi movements in an indoor studio with well-lit light wood flooring, a mirror covering the wall at his back, and a window covered in purple drapes visible on the right side wall."
v_IRua6QGP-Ow,What is the bartender doing in the video?,None,"The bartender is making a drink by pouring and mixing different spirits, shaking them with ice, and finally pouring the mixture into a glass with ice. He also runs a lime on the rim of the glass."
v_IhmtmKxEU40,What is the color of the wetsuit worn by the boy windsurfing?,None,The boy seen windsurfing is wearing an orange and black wetsuit.
v_9lAT3oA9Ixs,None,Can you describe the man and his clothing while he chops wood near a cabin in the woods?,The man is wearing a blue jacket and blue jeans while chopping wood near a cabin in the woods.
v_ojIhxWrBM0s,None,Can you describe the scene in the first shot of the video?,"In the first shot of the video, a man is sitting in a barber chair, looking through a magazine while draped in a cape, and surrounded by other customers in a salon."
v_RjztFj0Zl40,What game are the teams playing on the basketball court?,None,The teams are playing dodgeball on the basketball court.
v_sBwUwgTjhAU,None,What does the woman do before walking away in the video?,The woman is wearing a sweater over her red outfit and looks into the camera before walking away.
v_q_QR5HoROhI,What color ink does the man apply to the woman’s nail before curing it?,None,The man applies black ink to the woman’s nail using a small brush before curing it and then applies glitter of different colors on the black-painted nail which is then cured under a curing lamp.
v_2VZumBKJuPs,None,Can you describe the process shown in the video?,"In the video, a man is piercing the woman's belly button with a needle piercer, and inserting a jewelry before securing it with a ball. The studio is well-lit and the man has black gloves on. Both of his hands are tattooed and the woman can be seen speaking to the person holding the camera"
v_7EeO9V2B574,None,Can you describe the scene of the video with women dancing?,The women were dancing synchronously on the grass under the shadow of a tree to music.
v_k1GP0cJOXbQ,What are the different activities people engage in throughout the video?,None,"The video shows people kayaking in rapids and calm waters, with some scenes of them paddling alone and others in pairs, culminating in a group of people standing around drinking beer with the sunset in the background."
v_QOsG3BeQeX0,What is the clothing of the person upside down on the parallel bars?,None,The person is wearing a blue shirt and khaki shorts.
v_afMQA352X_A,None,Can you describe the attire of the trainer during the kickboxing practice?,The trainer is wearing focus mitts on both hands during the kickboxing practice.
v_0DFz3sgfda0,None,Can you describe the activity of the girls in the kitchen?,"The girls are making a salad in the kitchen with various ingredients like lettuce, tomatoes, and peanuts."
v_1d_U_2HIPmY,What object does the man have in his hand?,None,The man is swinging a hammer attached to a grip by a cable while standing on a circular platform inside a cage.
v_aOxRwTlkY80,Which ingredients did the man add to the pan first?,None,The man added garlic to the pan with oil first and then added chillies. He cooked these two for a minute and later added the cooked pasta and chopped parsley. He added ground pepper and mixed everything before finishing the dish.
v_MbjyQGdTtK8,None,Can you describe the steps of making the furniture polish in the video?,"The woman is demonstrating how to make furniture polish by mixing olive oil and lemon juice in a spray bottle, shaking it, and then applying it to the surface of a table."
v_4XnXyKYxnQQ,None,Can you describe the position of the ship in the video?,The ship is dangerously tilted left and appears to be about to capsize in the daytime sea. 
v_5qY9yPt-5Go,What is happening in the beginning of the video?,None,"The video starts with a black French bulldog standing on a checkered red tablecloth with a cup of coffee placed in front of it. The dog goes to the cup and starts to drink the coffee, while the boy attempts to move the dog away from the cup gently."
v_qU4GmCN2e1Y,What is the man wearing who is performing on the parallel bars?,None,The man performing on the parallel bars is wearing a dark blue vest and pants.
v_Jdu5AqaWfz8,None,Can you describe the scene where the men are standing at the edge of the platform?,"The bungee jump platform is yellow and the inflatable boat is located to the left near the shore. Three men, with two attendants in green shirts and one jumper wearing a t-shirt and a strap, are standing on the platform during the day. One of the attendants is belaying the bungee cord. After jumping off the platform and being pulled back up, the man is slowly reeled down and drawn to the shore by two attendants."
v_u3XOLSC7lg0,What is the man wearing while breakdancing in the hallway?,None,"The man is wearing a black T-shirt, black pants, and black and white sneakers."
v_vAHR3iJhBXU,None,Which nail did the woman apply pink polish to in the video?,The woman applied pink nail polish to her ring finger.
v_9VflCeoPr9I,What activity are the people engaged in the video?,None,The people are playing and kicking a red ball in the field.
v_Sf27WmcLb2w,Who starts the exchange on the volleyball court by serving the ball?,None,A man wearing a black sleeveless t-shirt and red shorts starts the exchange on the volleyball court by serving the ball.
v_7pfHxav4b0U,None,Can you describe what the woman is wearing and what she is doing in the river?,The woman is rowing an orange kayak down a rapid river while wearing a life vest and white helmet.
v_4QRRxub6L5Q,What is happening in the video with the girls and the foam platform?,None,The video shows a girl performing multiple backflips on a foam platform indoors while another girl watches. There is a poster of a cartoon sloth on the far wall. The video ends with the girl doing backflips and landing.
v_qqZLs6j3YII,None,Can you describe the uniforms of the children playing guitars on the stage?,The children on the stage are wearing red and white uniforms.
v_kfO5PGlsMJw,What color is the karate uniform of the first boy who performs on the stage?,None,The first boy is wearing a black karate uniform with a black belt.
v_htzAYwoAZkg,What is the man wearing and doing in the gym?,None,"The man is wearing a black polo shirt, speaking to the camera in the gym, while the woman is standing next to him; they are both behind a resistance trainer in the well-lit gym. The woman climbs onto the resistance trainer, starts pedaling, and adjusts the instrument cluster settings, while the man continues speaking into the camera."
v_HURRgbZGz8Q,None,Can you describe the spear-throw competition being held in the outdoor stadium?,"The video shows a spear-throw competition where athletes holding spears run and throw them in an outdoor stadium filled with spectators. The landing area has numbered lanes, and a man in a suit is seen near the number 70 marker. The scoreboard with names and throw distances is shown towards the end."
v_TEgPIueNqTI,What is the woman wearing while getting tattooed in the tattoo parlor?,None,The woman is wearing a white top while she gets tattooed in the tattoo parlor.
v_IL8__uSFpqg,What is the man wearing in the video?,None,The man in the video is wearing a blue polo shirt.
v_TEgPIueNqTI,None,Can you describe the appearance of the woman as she gets a tattoo in the parlor?,The woman is wearing a white top while she gets tattooed in the tattoo parlor.
v_Ie09KEAPP2I,None,Can you describe the appearance of the labrador retriever in the video?,The labrador retriever in the video is brown.
v_Omvg9UtGOes,What colors are on the cloth used to wrap the box?,None,The cloth used to wrap the box is pink on the inside and green on the outside.
v_MWQ9mb_mB8U,None,Can you describe the clothing worn by the women standing on the volleyball court?,The women on the volleyball court are wearing white tops with numbers on them.
v_BmLDHLKiIdQ,None,Where are the archers shooting arrows in the video?,The video shows an indoor archery competition with spectators seated in the stands.
v_eoSwoeLmeyQ,None,What is the color of the illumination on the portion of the floor where people are dancing?,The lights shining on the dance floor are not described in the given details.
v_N4qhryre_TE,None,Can you describe the event the athletes are participating in?,The athletes are participating in an indoor tumbling competition.
v_KlgrI3Ngwv0,None,Can you describe the beginning of the athlete’s routine in the video?,"At the beginning of the video, the athlete is standing by a pommel horse, wearing a blue outfit, and getting ready to start an artistic gymnastics routine."
v_ZxPF3s_OLDo,None,Could you describe the man's outfit when he is climbing?,The man is wearing a red t-shirt and a belt with a chalk pouch on it.
v_N4qhryre_TE,What kind of competition is taking place in the video?,None,The athletes are participating in an indoor tumbling competition.
v_jQzBXawu29s,What is the man wearing while playing the black wooden Irish flute in the living room?,None,The man is wearing a brown sweater and glasses while playing the black wooden Irish flute in a living room with a television stand behind him and various framed items hung on the wall. Sunlight is coming in from the left side at the back.
v_Hz7-mBFGsSs,What is happening to the girl in the salon?,None,The girl is getting her hair cut in the salon while crying.
v_kl-2y3jtPNE,What game is being played in the field?,None,The game being played in the field is cricket.
v_sk_pnoqXxhs,What is happening in the video?,None,"The video shows a toddler in a diaper brushing his teeth with the help of a woman in a white shirt, while a man in a black T-shirt films. There is also a brown dog in the bathroom."
v_OkvWTZ4XLyM,None,Can you describe what is happening in the video with the discus?,The man is spinning the discus to build momentum before releasing it towards the landing area.
v_51faGoLPJgM,What is the boy doing in the beginning of the video?,None,The boy is chopping wood next to a pile of chopped logs while wearing blue jeans and a sweater.
v__B7rGFDRIww,What song is the woman dancing to in the beginning of the video?,None,"The woman is dancing to the song ""Let it Go"" from the movie ""Frozen"" and this song continues to play throughout the video while the dancers dance to it."
v_8r4bF9RF0Kc,None,Can you describe the opening scene of the video?,The people in the video are playing a game of cricket at the beginning.
v_KApqxr02rcQ,None,Which player is the video following and what color jersey is she wearing?,Jessica Skillings wears a dark blue uniform in the video.
v_MWQ9mb_mB8U,What is the color of the tops that the women on the volleyball court are wearing?,None,The women on the volleyball court are wearing white tops with numbers on them.
v_YOk1cMsyk88,None,Could you describe the skateboarder's outfit in the video?,"The skateboarder is wearing a white t-shirt, a red cap, and a backpack."
v_HURRgbZGz8Q,What is happening in the outdoor stadium in the video?,None,"The video shows a spear-throw competition where athletes holding spears run and throw them in an outdoor stadium filled with spectators. The landing area has numbered lanes, and a man in a suit is seen near the number 70 marker. The scoreboard with names and throw distances is shown towards the end."
v_ijrjRNwZjqQ,None,Can you describe the game that Kevin Spacey and Rafael Nadal play on stage?,Kevin Spacey and Rafael Nadal play ping pong on stage.
v_cH3H-arDsH4,None,Can you describe the game being played in the video?,The video shows a game of water polo being played in a swimming pool with two teams trying to score goals.
v_0x6ZV9Y8g_c,None,Can you describe the toddler's pajamas in the opening scene?,"In the beginning of the video, the toddler is seen wearing blue and red pajamas."
v_CTyvQHkAKuY,What is the woman doing when the man is playing the piano?,None,The woman starts to sing while the man is playing the piano.
v_bphckj0BV5U,None,Can you describe the woman in the video?,The woman is wearing a grey top and is sitting on the ground in the woods while demonstrating how to start a fire.
v_dRF1C_sBE5M,What was the girl shown doing with the axe in the video?,None,The man taught the girl how to chop wood using an axe.
v_9UvVeUYQLgA,None,Can you describe some of the objects used for cover in the paintball arena?,"Cable drums, old tires, weeds, and cinderblocks are used as cover in the paintball arena."
v_zRqJZ0u6f88,None,Can you describe the man's outfit?,The man is wearing a red shirt and trousers along with a tool belt.
v_rpjxjU-mLiw,What is the man wearing and what is he doing?,None,The man is wearing a teal T-shirt and black shorts and is starting his discus throw in a throwing circle surrounded by a practice net. He then walks towards the camera and claps his hands. A person in a yellow shirt can be seen jogging on the track behind the practice net.
v_zoWqv-sIdBY,Who is the boy with long hair in the video and where is he sitting?,None,"The boy's name is Ivan and he is sitting in a well-lit bedroom in front of a table with a computer on it. He is having his hair combed by Oscar, who is standing behind him."
v_-vnSFKJNB94,What is happening in the video?,None,"The video shows a man named Michal Navratil performing various diving maneuvers including tucks, twists, forwards dives, etc. in an indoor swimming pool with people visible walking around. He ends the video by doing a forward tuck dive."
v_-vnSFKJNB94,None,Can you describe the diving maneuvers performed in the video?,"The video shows a man named Michal Navratil performing various diving maneuvers including tucks, twists, forwards dives, etc. in an indoor swimming pool with people visible walking around. He ends the video by doing a forward tuck dive."
v_DIhyfNJAm-M,None,Can you describe the stage set up for the saxophonist performance?,"The performer is wearing a black suit and white shirt, playing his saxophone on a stage with red floors, blue curtains and a staircase in front. The audience can be seen sitting a few feet from the staircase, while backing musicians play various instruments behind the saxophonist. A music stand with transparent top is placed next to the saxophonist, and the video ends with the audience applauding."
v_WCS8dzRT7Xk,What is the woman wearing and where is she standing?,None,The woman is wearing a grey shirt and standing behind an ironing board in a well-lit room with a wood wall behind her.
v__ja1fre9OTE,What is the apparatus the gymnast performs on?,None,The gymnast is performing on a balance beam located on an elevated platform at a gymnastics competition.
v_VhdidrZKuTU,None,Can you describe the items the man adds onto the firewood before lighting it?,The man sprinkles table salt and white pepper powder on the crumpled pieces of newspaper and firewood before lighting it.
v_X4J9UBXb0FM,None,Can you describe what the athletes are competing in?,The video shows athletes participating in pole vaulting competitions during both day and night.
v_YAKXrBinGD4,None,Can you describe the various boats shown in the video?,"The video shows a houseboat, a jet-ski, a motorboat, and several kayak boats under a shed."
v_ij9czNGMR5I,None,Can you describe the attire of the woman getting her tongue pierced?,The woman getting her tongue pierced is wearing a grey hoodie.
v_34SBoGK8mT8,None,Can you describe the actions of the little girl in the video?,"The little girl is playing hopscotch on a court drawn on the ground, picking up and throwing a pebble a few times before successfully landing it in a square and hopping to that square."
v_j_r7zJWxI8w,What is the color of the shirt worn by the man picking up the beer can?,None,The man wearing the Adidas blue t-shirt makes a hole in the beer can using a key and drinks from it.
v_Fb4X1PWfOvY,What color clothes is the woman wearing while exercising on the parallel bars in the park?,None,"The woman is wearing a neon green T-shirt, black track pants with white stripes, and white sports shoes."
v_YU-dUWGOoD4,What kind of apparatus is the gymnast getting ready to perform on?,None,The gymnast is getting ready to perform on a pommel horse.
v_qmfZw9eEpIU,What is the color of the windsurfing board the man is using?,None,The man is windsurfing on a red board with an attached sail.
v_TNqc2yWZztE,None,Can you describe the process shown in the video?,"In the video, a woman is gift-wrapping boxes using gift-wrapping paper and tape."
v_dhsSq0K1xEg,None,Can you describe the decoration on the saxophone case?,'GUNS-N-ROSES' with a rose drawn underneath is written on the decorated saxophone case.
v_mShp2gzuPOM,None,Can you describe the surroundings of the girl playing badminton in the video?,"The video shows a girl playing badminton in a gym with people standing at the edges, a woman taking pictures near the netting, a scoreboard at the top of the wall, an American flag hung vertically, and retracted bleachers to the left."
v_IN23CO8Kotk,None,"On what container is the butterfly painted, that the parrot is eating from on the kitchen counter?",The parrot is eating cream from a pink coffee cup with a butterfly painted on it.
v_3zpODTqnYLs,What is the toddler doing in the video?,None,The toddler is washing her face with pool water multiple times while sitting on the pool wall while the man holds onto her.
v_QOsG3BeQeX0,None,Can you describe the person who is swinging from the parallel bars?,The person is wearing a blue shirt and khaki shorts.
v_QT4d1nTQYSE,What is the name of the artist performing a live painting event?,None,The artist's name is Jonas Gerard.
v_4mRkWNLE66E,None,Which player in white jersey scored a goal and celebrated with his teammates at the end of the video?,The player in the white number 15 jersey is being pointed to by the red arrow and he scored a goal and celebrated with his teammates at the end of the video.
v_w4pO-1-FG5w,None,Can you describe the design of the cape that the little boy is wearing at the saloon?,The little boy is wearing a blue cape with pictures of animated characters on it at the saloon.
v_SV3v-nA6hXM,What is the man wearing while standing on the bungee platform?,None,The man is wearing a white shirt with a harness on it and a cap while standing on the bungee platform.
v_-uJnucdW6DY,What is happening in the video?,None,"A group of kids are playing a game of soccer in the grassy field surrounded by a metal fence with light poles. They are passing the ball to each other, kicking it, and running across the field."
v_-cAcA8dO7kA,What is happening in the beginning of the video?,None,A man is riding a dirt bike in a dirt field with houses visible beyond the field.
v_EK7qW-oavQY,What sport is being played in the pool?,None,Water polo is being played in the swimming pool.
v_UvOEuhS0V3E,What is the woman in the first clip wearing and what is she doing?,None,"The woman in the first clip is wearing a white top and applying lipstick in a well-lit room in front of a mirror. The man in the next clip is sitting in front of the same mirror, wearing an olive T-shirt. He removes something from a box and wipes them on his eyebrows one at a time, before eating them."
v_tLk0Y04OaCA,Who is standing next to the girl wearing the blue shirt?,None,"The girl wearing the blue shirt is standing next to a person wearing a grey sweatshirt, and another person wearing a red top is visible in the mirror, holding up a phone and recording."
v_RXT17X7lRoQ,What are the colors of the uniforms worn by the girls on the lacrosse team in the video?,None,The girls on the lacrosse team are wearing black and pink uniforms.
v_TsHek6oZYXU,What is the color of the Tai Chi uniform worn by the master?,None,The master is wearing a black Tai Chi uniform and the other man is wearing a white Tai Chi uniform.
v_-6dz6tBH77I,None,Can you describe what the man is holding in his right hand in the video?,The man is holding a disk in his right hand.
v_z3MP0yJBtGg,None,Can you describe the woman and her surroundings?,"The woman is wearing a black hoodie and jeans skirt and standing in front of a stone dipper well with ladles. There is water in a tank at the top of the dipper. She is standing on a stone floor with a roof. Pillars are visible some distance to her left. A yard is visible outside the structure, with a fence at the end. A tree is visible to the left of the yard."
v_4oi6dXfpJS4,What color outfit is the gymnast wearing when she starts performing on the balance beam?,None,The gymnast is wearing a pink outfit when she mounts the balance beam.
v_sNJ6_N0j9Ts,What are the men wearing while playing squash in the well-lit court?,None,The men are wearing shorts and sports shoes.
v_IDIALY6Ayk8,What activity are the people engaged in at the winery?,None,"The people are at a winery, where they are shown a bottle of wine and then served wine to drink while seated in a dining room."
v_sNJ6_N0j9Ts,None,Can you describe the attire of the players on the well-lit squash court?,The men are wearing shorts and sports shoes.
v_le7JdKQB65I,None,Can you describe the woman's outfit in the video?,The woman is wearing a white coat over a teal top.
v_wJk3KOUAwXA,What is the man doing in the woodworking shop?,None,"The man is waxing and polishing a wooden table using steel wool, a car buffing wheel, and a wet rag."
v_bz4QwqHiVlo,None,Can you describe the outfit of the man who is vacuuming in the living room?,The man is wearing a purple shirt while vacuuming in the living room.
v_VWGV8I5byKI,What equipment does the man lift in the gym?,None,The man picks up a barbell with weights stacked on either end and lifts it once before dropping it to the ground.
v_T7YcO-sOLuU,What is the man cleaning the shoes with?,None,"The man is cleaning the shoes using a hand brush, water, and JASON MARKK cleaning solution."
v_Bkhr72sazvQ,What is the weight loss product being advertised in the video?,None,"The man in the video is promoting a weight loss product and talks about ""5 pounds lost in 7 days""."
v_Ku76zinwWkg,What is the colour of the outfits worn by the girl and the boy on the track?,None,The girl and the boy are both wearing black outfits while running on the track.
v_nI6l7BP0odw,What musical instrument is the man playing?,None,The man wearing a Scottish kilt is playing the bagpipe.
v_N1_pNhVqG20,What is the surfer doing in the video?,None,"The surfer is windsurfing and performing flips, maneuvers, and jumps, including a one-handed burner where he pushes the sail down and jump-twists on his board."
v_4KMG6lEDSIM,None,Can you describe the last martial arts demonstration shown in the video?,"In the final scene of the video, a man wearing a black gi breaks tiles placed on two cinder blocks."
v_jCxQQ9DMpT0,None,Can you describe the clothing of the person who teaches the archer how to hold the bow?,The man who instructs the archer on how to grip the bow is wearing a blue polo shirt and a grey cap.
v_K6QunmuTZOQ,What is the woman wearing and where is she standing?,None,"The woman is wearing a grey t-shirt and black track pants, standing in a small gym with other exercise equipment around her. Sunlight is streaming from an open door in front of her. "
v_lIo8HfzzSNs,None,Can you describe the process of making the Russian salad dressing?,"The dressing for the Russian salad was made by mixing two T-spoons of cream, two T-spoons of mayonnaise, salt, and pepper in a glass bowl."
v_tXUssW4vT3o,None,Can you describe the attire of the belly dancer?,The belly dancer is wearing a sparkling turquoise-colored dress.
v_0DFz3sgfda0,What are the girls doing with the food items in the kitchen?,None,"The girls are making a salad in the kitchen with various ingredients like lettuce, tomatoes, and peanuts."
v_4NPVpI9zUpI,None,Can you describe the first jump Stefan Holm performs in the video?,Stefan Holm performs the first degree jump in which he runs towards the horizontal bar and successfully jumps over it.
v_ooFuSspUuVY,None,Can you describe what the girl is wearing on her head while riding the horse in the video?,The girl is wearing a white helmet while riding the horse in the video.
v_z6pmp8TrAVo,What is the man wearing while washing a plate in the kitchen?,None,"The man is wearing a grey T-shirt and glasses, and he is washing a plate in a well-lit kitchen with white walls. There is a refrigerator visible at the back, and a potted plant next to the sink."
v_UtV69uNmzlE,What is the woman doing in the well-lit bathroom?,None,The woman is shaving her right leg with a razor and dips it into the toilet bowl during the process.
v_ghxiG0Dnrt0,What is the woman wearing while cleaning the sink?,None,The woman is wearing a black apron over a T-shirt and jeans.
v_HkbOI7gEtKk,Who are the two women in the video and what are they doing?,None,"The video features two women, one wearing a teal top and the other wearing a white one. The woman in the teal top is a beautician and she is demonstrating how to make a cleansing with baking soda while the woman in the white top, the model, follows the instructions by mixing yogurt and baking soda to apply to her face."
v_4-KiAur4dI8,What is the name of the event featured in the video?,None,"The event featured in the video is Red Bull CROSSWAYS, as indicated by the logo displayed at the beginning of the video."
v_HMs703DhjQU,What are the men wearing in the kitchen?,None,"The man on the left is wearing a black suit, and the man on the right is Will Smith, the actor wearing a multi-colored shirt."
v_E5YBb4rzV30,None,Can you describe the steps taken by the woman to prepare the tuna wraps?,"Before adding a can of tuna to the mixing bowl, the woman adds mayonnaise, relish, mustard, celery, and chopped onion. She then arranges lettuce leaves on a plate, places a spoonful of the tuna mixture on each leaf and folds them into wraps."
v_6utacRir3uM,None,Can you describe the people and their workout in the aerobics studio?,People are working out in a well-lit aerobics studio using aerobic steps with an instructor giving instructions. A man falls down while trying to follow the instructor and receives help from the instructor and some other participants.
v_2nDbYhgdw2A,None,What is the first dance move executed by the person wearing the yellow shirt in the video?,The person in the yellow shirt performs the backspin as the first dance move.
v_nDHupsLdar0,What is the color of the wall behind the man playing the harmonica?,None,The wall behind the man is cream-colored and there is a lamp visible at his back.
v_IGZvj1J9tNc,What drill are the players performing in the video?,None,"The players are running across the court in groups of three, while the one in the middle dribbles the ball and shoots it in the basket, and then they repeat the drill with a different player among the three, while the coach watches from outside the court."
v_QG2xYcN_bl0,What is the boy doing on the basketball court?,None,The boy is doing a crisscrossing drill with orange agility cones on a basketball court.
v_vzUeFzhVYLg,None,Who is on the second level of the diving platform and what does she do?,The video starts with a woman on the second level of a diving platform in an indoor swimming pool with overhead lights. The woman runs to the edge and dives with a tuck and several turns into the pool.
v_YU-dUWGOoD4,None,Which gymnastics equipment does the man put his hands on?,The gymnast is getting ready to perform on a pommel horse.
v_kl-2y3jtPNE,None,Can you describe the sports activity taking place in the field?,The game being played in the field is cricket.
v_W9H2qVnIWXs,None,Can you describe the dog that is being bathed in the video?,A golden retriever is being bathed in the video.
v_wFVukrQfQhI,None,Can you describe the outfits and equipment used by the two girls while playing in the well-lit racquetball court?,"The two girls are playing racquetball wearing white T-shirts and shorts, and both are wearing safety glasses while playing."
v_d09u-0k3LdE,None,Can you describe the woman in the video and what she is doing?,The woman is wearing a red vest and holding a hammer attached to a string. She is standing in a net in a field with a red mat on the ground. She swings the hammer with the string and releases it through the open end of the netting.
v_UvOEuhS0V3E,None,Can you describe the location and activity of the man in the next clip?,"The woman in the first clip is wearing a white top and applying lipstick in a well-lit room in front of a mirror. The man in the next clip is sitting in front of the same mirror, wearing an olive T-shirt. He removes something from a box and wipes them on his eyebrows one at a time, before eating them."
v_JspVuT6rsLA,What is the instrument the boy is playing in the video?,None,The boy is playing the violin in a well-lit room with two pianos at his back and a woman playing one of the pianos.
v_4Gx_8vuxzAk,None,What is the woman using to clean the coffee table in the video?,The woman is using wood polish and a towel to clean the coffee table.
v_4oi6dXfpJS4,None,What outfit is the gymnast wearing when she mounts the balance beam?,The gymnast is wearing a pink outfit when she mounts the balance beam.
v_j6OcN4OQZVM,What is the color of the outfits worn by the breakdancers in the video?,None,The breakdancers in the video are wearing black outfits.
v_Il9Ara3IqeY,None,Can you describe the scene and activity of the man on Marble Bridge during daytime?,"The man is standing on an elevated section of Marble Bridge, playing a flute. He is wearing a black polo shirt and a rice hat. The Palace Museum can be seen at his back. People are walking around Meridian Gate Square, some of whom are walking under an umbrella. He continues playing the flute until the end of the video."
v_wjr5M-6qEWI,None,Can you describe the seating arrangement in the arena?,"The referee is sitting behind a table at the edge of the court, and there are seats for spectators near the walls."
v_W4mJsJGa0CY,None,Does the man experience any difficulty while performing on the pommel horse?,The man loses balance and slips to the floor during his routine.
v_wcxEkMoOmBk,"Who is introduced first in the video, and what is she wearing?",None,"Julie, wearing a green sweater, is introduced first in the video while speaking to the camera in a well-lit hair salon, with a round table-top swivel mirror next to her and another woman seated next to her."
v_sbnF7VVeopM,What activity is the person in the chef uniform performing?,None,The person in the chef uniform is washing dishes over a well-lit counter using steel wool and handheld kitchen faucet sprayer to rinse them.
v_WOUkPgHtt4E,None,Can you describe the scene in the gymnasium with the boy practicing on the armbar?,"The boy is wearing a white vest and dark blue shorts and is performing different maneuvers on the armbar in a gymnasium with cream color walls, blue mattresses on the floor, windows on the left side, armbars, balance beams, a small wall clock on the left side, trophies kept on the edge of the window and other children practicing around him."
v_TZOhIMjwEE8,None,Can you describe the lawn-mowing outfit of the woman in the video?,"The woman is wearing a white vest, grey trousers, and white sports shoes while lawn-mowing."
v_qU4GmCN2e1Y,None,Can you describe the clothing worn by the man performing on the parallel bars?,The man performing on the parallel bars is wearing a dark blue vest and pants.
v_mLFjww64sX8,None,Where is the barber standing in relation to the customer?,The barber is using a blade on the customer's head while standing on the left of the customer.
